mes,n_micro,n_hybrid,n_string,n_unknown,n_module,kw_micro,kw_hybrid,kw_string,kw_unknown,kw_module,n_total,kw_total,n_ongrid,kw_ongrid,share_n_pct,share_kw_pct,share_n_classified_pct,share_kw_classified_pct,n_lt10_total,kw_lt10_total,n_lt10_micro,kw_lt10_micro,share_n_lt10_incl_hyb_pct,share_kw_lt10_incl_hyb_pct,share_n_pct_mm3,share_kw_pct_mm3,ratio_vs_trailing3,provisional
2018-01,137,0,1172,184,0,283.9600,0.0000,5057.7600,726.4700,0.0000,1493,6068.1900,1493,6068.1900,9.1762,4.6795,10.4660,5.3159,1457,5708.1900,137,283.9600,9.4029,4.9746,,,,False
2018-02,88,0,1007,183,1,226.2100,0.0000,4354.9500,700.9200,9.0000,1279,5291.0800,1279,5291.0800,6.8804,4.2753,8.0365,4.9378,1244,4941.0800,88,226.2100,7.0740,4.5781,,,,False
2018-03,122,0,1322,245,0,299.1300,0.0000,5806.2000,1013.1200,0.0000,1689,7118.4500,1689,7118.4500,7.2232,4.2022,8.4488,4.8995,1648,6708.4500,122,299.1300,7.4029,4.4590,7.7785,4.3799,,False
2018-04,101,0,1244,223,0,279.7100,0.0000,5606.8300,940.3500,0.0000,1568,6826.8900,1568,6826.8900,6.4413,4.0972,7.5093,4.7517,1518,6326.8900,100,269.7100,6.5876,4.2629,6.8563,4.1850,1.0545,False
2018-05,132,0,1400,253,0,328.8400,0.0000,6358.2400,1058.4600,0.0000,1785,7745.5400,1785,7745.5400,7.3950,4.2455,8.6162,4.9175,1726,7155.5400,131,318.8400,7.5898,4.4558,7.0409,4.1846,1.1806,False
2018-06,159,0,1446,268,0,440.3300,0.0000,6519.9500,1130.8000,0.0000,1873,8091.0800,1873,8091.0800,8.4891,5.4422,9.9065,6.3263,1809,7451.0800,159,440.3300,8.7894,5.9096,7.5010,4.6281,1.1144,False
2018-07,152,0,1507,308,0,450.2300,0.0000,6912.5600,1297.1100,0.0000,1967,8659.9000,1967,8659.9000,7.7275,5.1990,9.1621,6.1149,1906,8049.9000,151,440.2300,7.9224,5.4688,7.8756,4.9778,1.1292,False
2018-08,198,1,1886,346,0,515.6200,8.0000,8719.0900,1265.4900,0.0000,2431,10508.2000,2430,10500.2000,8.1481,4.9106,9.5010,5.5835,2355,9748.2000,197,505.6200,8.3652,5.1868,8.1180,5.1601,1.2960,False
2018-09,200,0,1843,387,0,498.2800,0.0000,8365.6100,1441.7700,0.0000,2430,10305.6600,2430,10305.6600,8.2305,4.8350,9.7895,5.6215,2359,9595.6600,200,498.2800,8.4782,5.1928,8.0562,4.9689,1.1627,False
2018-10,268,0,2494,439,0,754.5000,0.0000,11415.7600,1712.5200,0.0000,3201,13882.7800,3201,13882.7800,8.3724,5.4348,9.7031,6.1995,3105,12922.7800,265,724.5000,8.5346,5.6064,8.2620,5.0979,1.4066,False
2018-11,306,0,2739,484,0,891.4500,0.0000,13416.8600,1927.8100,0.0000,3529,16236.1200,3529,16236.1200,8.6710,5.4905,10.0493,6.2303,3276,13706.1200,303,861.4500,9.2491,6.2851,8.4498,5.3043,1.3134,False
2018-12,330,0,2911,465,0,904.2500,0.0000,15367.5200,1803.9300,0.0000,3706,18075.7000,3706,18075.7000,8.9045,5.0026,10.1820,5.5572,3313,14145.7000,329,894.2500,9.9306,6.3217,8.6623,5.2915,1.2138,False
2019-01,379,0,3340,634,1,1239.3900,0.0000,15912.7100,2518.1300,3.6000,4354,19673.8300,4354,19673.8300,8.7046,6.2997,10.1909,7.2259,4207,18203.8300,375,1199.3900,8.9137,6.5887,8.7583,5.6220,1.2516,False
2019-02,384,0,3507,597,1,1119.8500,0.0000,16676.0900,2564.0800,5.0000,4489,20365.0200,4489,20365.0200,8.5542,5.4989,9.8689,6.2927,4325,18725.0200,381,1089.8500,8.8092,5.8203,8.7099,5.6156,1.1621,False
2019-03,338,0,3702,601,0,965.7100,0.0000,17709.1800,2489.9200,0.0000,4641,21164.8100,4641,21164.8100,7.2829,4.5628,8.3663,5.1712,4472,19474.8100,336,945.7100,7.5134,4.8561,8.1652,5.4326,1.1095,False
2019-04,506,0,4770,665,3,1462.4200,0.0000,23431.3500,2723.6600,11.6800,5944,27629.1100,5944,27629.1100,8.5128,5.2930,9.5906,5.8746,5717,25359.1100,504,1442.4200,8.8158,5.6880,8.1465,5.1302,1.3225,False
2019-05,574,0,5590,912,0,1656.5200,0.0000,27447.7700,3874.3100,0.0000,7076,32978.6000,7076,32978.6000,8.1119,5.0230,9.3121,5.6917,6838,30598.6000,570,1616.5200,8.3358,5.2830,8.0290,4.9951,1.4083,False
2019-06,549,0,4664,631,1,1757.7200,0.0000,23189.5700,2771.4600,1.0000,5845,27719.7500,5845,27719.7500,9.3926,6.3410,10.5314,7.0457,5605,25319.7500,546,1727.7200,9.7413,6.8236,8.6350,5.5211,0.9929,False
2019-07,861,0,5917,795,2,2194.6300,0.0000,30601.5600,3142.0600,7.6900,7575,35945.9400,7575,35945.9400,11.3663,6.1054,12.7029,6.6917,7240,32595.9400,853,2114.6300,11.7818,6.4874,9.6799,5.8036,1.2046,False
2019-08,746,0,6355,682,2,2387.1100,0.0000,33087.6900,2976.8200,3.5000,7785,38455.1200,7785,38455.1200,9.5825,6.2075,10.5056,6.7290,7377,34375.1200,739,2317.1100,10.0176,6.7407,10.1674,6.2078,1.1395,False
2019-09,720,1,6377,569,0,2347.2200,10.0000,33172.4400,2503.0900,0.0000,7667,38032.7500,7666,38022.7500,9.3921,6.1732,10.1451,6.6082,7285,34212.7500,717,2317.2200,9.8421,6.7730,10.1060,6.1632,1.0846,False
2019-10,933,0,7990,926,1,3226.8400,0.0000,41308.8500,3413.4700,7.3700,9850,47956.5300,9850,47956.5300,9.4721,6.7287,10.4561,7.2455,9293,42386.5300,929,3186.8400,9.9968,7.5185,9.4818,6.3979,1.2833,False
2019-11,958,0,8170,834,1,3269.8100,0.0000,41638.8700,3312.1700,0.6000,9963,48221.4500,9963,48221.4500,9.6156,6.7808,10.4952,7.2810,9498,43571.4500,951,3199.8100,10.0126,7.3438,9.5018,6.5900,1.1813,False
2019-12,1398,0,11086,1335,0,4895.9800,0.0000,56330.1900,4689.2000,0.0000,13819,65915.3700,13819,65915.3700,10.1165,7.4277,11.1983,7.9965,13188,59605.3700,1383,4745.9800,10.4868,7.9623,9.7794,7.0284,1.5087,False
2020-01,1277,0,11046,1031,2,4439.3100,0.0000,56276.9000,4330.9800,15.0000,13356,65062.1900,13356,65062.1900,9.5612,6.8232,10.3627,7.3116,12768,59182.1900,1274,4409.3100,9.9781,7.4504,9.7824,7.0341,1.1914,False
2020-02,1156,2,10846,1147,0,4346.6700,11.0000,55667.3100,3961.5000,0.0000,13151,63986.4800,13149,63975.4800,8.7915,6.7943,9.6317,7.2428,12527,57746.4800,1153,4316.6700,9.2041,7.4752,9.5005,7.0181,1.0622,False
2020-03,1687,0,12506,1262,0,5886.4400,0.0000,65274.7100,5260.3500,0.0000,15455,76421.5000,15455,76421.5000,10.9156,7.7026,11.8861,8.2720,14655,68421.5000,1679,5806.4400,11.4568,8.4863,9.8189,7.1413,1.1498,False
2020-04,1285,0,9572,928,22,4583.0300,0.0000,49305.1300,4209.8400,94.7900,11807,58192.7900,11807,58192.7900,10.8834,7.8756,11.8357,8.5047,11237,52492.7900,1276,4493.0300,11.3553,8.5593,10.2150,7.4607,0.8442,False
2020-05,1078,0,7713,939,26,3665.7000,0.0000,40547.4900,4346.3100,127.7100,9756,48687.2100,9756,48687.2100,11.0496,7.5291,12.2625,8.2910,9286,43987.2100,1074,3625.7000,11.5658,8.2426,10.9406,7.7114,0.7243,False
2020-06,1101,2,9063,1014,2,4071.6800,10.6500,47268.1100,4625.3200,8.0000,11182,55983.7600,11180,55973.1100,9.8479,7.2744,10.8323,7.9308,10636,50523.7600,1101,4071.6800,10.3516,8.0589,10.5794,7.5654,0.9060,False
2020-07,1495,2,9888,1439,1,5304.3100,8.0000,51500.1200,6051.6700,5.0000,12825,62869.1000,12823,62861.1000,11.6587,8.4381,13.1336,9.3378,12205,56669.1000,1491,5264.3100,12.2163,9.2896,10.8830,7.7851,1.1749,False
2020-08,1842,1,9715,1646,0,5182.0400,7.2600,50838.1600,5680.4100,0.0000,13204,61707.8700,13203,61700.6100,13.9514,8.3987,15.9384,9.2503,12654,56207.8700,1840,5162.0400,14.5409,9.1838,11.9282,8.0638,1.1733,False
2020-09,1385,1,10307,1313,1,5223.1900,8.0000,54018.2600,5938.8600,8.0400,13007,65196.3500,13006,65188.3500,10.6489,8.0125,11.8457,8.8168,12424,59366.3500,1382,5193.1900,11.1236,8.7477,12.0978,8.2791,1.0487,False
2020-10,1591,1,11587,1360,0,6133.0900,4.2000,60790.7800,6588.0800,0.0000,14539,73516.1500,14538,73511.9500,10.9437,8.3430,12.0732,9.1643,13906,67186.1500,1591,6133.0900,11.4411,9.1285,11.8242,8.2526,1.1174,False
2020-11,1831,3,13433,1910,3,7219.0800,12.4800,69058.9400,9016.6300,12.0000,17180,85319.1300,17177,85306.6500,10.6596,8.4625,11.9955,9.4642,16576,79279.1300,1826,7169.0800,11.0159,9.0428,10.7489,8.2923,1.2647,False
2020-12,2162,1,15342,2312,4,8506.2300,5.0000,78336.0100,10712.5300,24.3900,19821,97584.1600,19820,97579.1600,10.9082,8.7173,12.3515,9.7950,19176,91134.1600,2156,8446.2300,11.2432,9.2679,10.8354,8.5252,1.3296,False
2021-01,2010,4,13453,1927,1,7707.5900,23.2100,69302.5000,9199.3100,8.0000,17395,86240.6100,17391,86217.4000,11.5577,8.9397,12.9988,10.0085,16820,80490.6100,2007,7677.5900,11.9322,9.5385,11.0374,8.7078,1.0124,False
2021-02,2371,2,15620,2584,1,9890.4800,7.8000,79681.6300,12435.3100,6.3000,20578,102021.5200,20576,102013.7200,11.5231,9.6952,13.1788,11.0419,19921,95451.5200,2366,9840.4800,11.8769,10.3094,11.3226,9.1334,1.1350,False
2021-03,3408,9,21038,3544,2,13387.9800,35.7400,107237.3300,16972.4600,7.1800,28001,137640.6900,27992,137604.9500,12.1749,9.7293,13.9409,11.0988,27184,129470.6900,3402,13327.9800,12.5147,10.2942,11.8089,9.5097,1.4532,False
2021-04,2507,10,18634,2504,0,10183.1500,43.3200,96595.5000,12087.4100,0.0000,23655,118909.3800,23645,118866.0600,10.6027,8.5669,11.8585,9.5367,22905,111409.3800,2495,10063.1500,10.8928,9.0326,11.4744,9.3342,1.0754,False
2021-05,3243,10,20003,2565,0,13526.5700,48.2900,102901.5500,12728.3000,0.0000,25821,129204.7100,25811,129156.4200,12.5644,10.4730,13.9508,11.6180,24952,120514.7100,3232,13416.5700,12.9529,11.1327,11.8247,9.6201,1.0723,False
2021-06,2706,6,18474,2489,5,11198.1400,26.5800,96964.2800,11647.1000,30.0000,23680,119866.1000,23674,119839.5200,11.4303,9.3443,12.7762,10.3531,22791,110976.1000,2696,11098.1400,11.8292,10.0005,11.5630,9.4894,0.9170,False
2021-07,3540,18,21017,2884,0,13586.9500,82.1400,109159.4100,13723.9600,0.0000,27459,136552.4600,27441,136470.3200,12.9004,9.9560,14.4154,11.0691,26444,126402.4600,3531,13496.9500,13.3527,10.6778,12.3352,9.9390,1.1257,False
2021-08,3806,9,24986,2840,0,15660.6300,42.0600,126125.4000,13984.5400,0.0000,31641,155812.6300,31632,155770.5700,12.0321,10.0537,13.2189,11.0453,30392,143322.6300,3787,15470.6300,12.4605,10.7943,12.1479,9.8150,1.2336,False
2021-09,3654,25,25487,2969,1,15088.0300,135.5600,129300.7600,14618.9300,7.0000,32136,159150.2800,32111,159014.7200,11.3793,9.4884,12.5390,10.4496,30740,145190.2800,3646,15008.0300,11.8608,10.3368,12.0635,9.8249,1.1642,False
2021-10,3894,23,26902,3259,2,15966.7600,140.5500,135134.1500,15923.8000,16.0000,34080,167181.2600,34057,167040.7100,11.4338,9.5586,12.6445,10.5670,32701,153391.2600,3878,15806.7600,11.8590,10.3049,11.6094,9.6955,1.1205,False
2021-11,5435,17,34489,3556,2,21490.2100,94.1500,173236.5700,17275.4800,17.0000,43499,212113.4100,43482,212019.2600,12.4994,10.1360,13.6134,11.0361,41788,195003.4100,5421,21350.2100,12.9726,10.9486,11.8404,9.7654,1.3338,False
2021-12,5730,12,39855,6013,2,23639.8400,56.7600,202048.6000,30440.5400,6.0000,51612,256191.7400,51600,256134.9800,11.1047,9.2294,12.5699,10.4745,49239,232461.7400,5698,23319.8400,11.5721,10.0317,11.6611,9.6186,1.4118,False
2022-01,4644,8,30865,4511,1,18573.9900,44.4700,156322.1400,22813.0700,3.0000,40029,197756.6700,40021,197712.2000,11.6039,9.3945,13.0784,10.6200,38303,180496.6700,4617,18303.9900,12.0539,10.1409,11.7014,9.5671,0.9297,False
2022-02,5727,15,35044,6045,0,23834.8900,78.3500,178767.6200,29545.5400,0.0000,46831,232226.4000,46816,232148.0500,12.2330,10.2671,14.0467,11.7644,44659,210506.4000,5665,23214.8900,12.6850,11.0281,11.6306,9.6282,1.0396,False
2022-03,6558,22,39768,7378,3,27858.9800,122.5400,202449.9900,35658.8900,10.6800,53729,266101.0800,53707,265978.5400,12.2107,10.4741,14.1562,12.0964,51205,240861.0800,6465,26928.9800,12.6257,11.1803,12.0453,10.0983,1.1639,False
2022-04,6019,19,37559,6836,4,26443.1800,93.9400,192305.8200,32808.1700,25.4000,50437,251676.5100,50418,251582.5700,11.9382,10.5107,13.8120,12.0884,48040,227706.5100,5909,25343.1800,12.3002,11.1298,12.1266,10.4223,1.0762,False
2022-05,7028,11,40506,8775,2,31049.9600,53.3900,209742.5100,43991.2800,6.7200,56322,284843.8600,56311,284790.4700,12.4807,10.9027,14.7852,12.8949,53477,256393.8600,6909,29859.9600,12.9196,11.6461,12.2198,10.6377,1.1192,False
2022-06,7948,7,40524,7431,2,35272.1200,38.1000,211197.8700,37343.6700,10.4200,55912,283862.1800,55905,283824.0800,14.2170,12.4275,16.3971,14.3109,53064,255382.1800,7788,33672.1200,14.6766,13.1850,12.9094,11.3101,1.0454,False
2022-07,8695,14,40647,6965,2,39719.0000,71.4800,215438.9500,35530.5600,6.0000,56323,290765.9900,56309,290694.5100,15.4416,13.6635,17.6219,15.5664,53182,259355.9900,8501,37779.0000,15.9847,14.5665,14.0460,12.3403,1.0387,False
2022-08,8807,14,39477,7429,8,40522.3200,72.2300,208692.3800,37669.1900,59.7100,55735,287015.8300,55721,286943.6000,15.8055,14.1221,18.2400,16.2600,52583,255495.8300,8547,37922.3200,16.2543,14.8426,15.1547,13.4090,0.9919,False
2022-09,7988,16,34482,9785,2,37481.0200,82.7200,184180.9000,48271.9700,7.0000,52273,270023.6100,52257,269940.8900,15.2860,13.8849,18.8086,16.9091,49495,242243.6100,7755,35151.0200,15.6682,14.5106,15.5155,13.8892,0.9335,False
2022-10,9575,14,36944,6597,2,45285.1400,72.1400,198079.5400,33517.0200,9.1000,53132,276962.9400,53118,276890.8000,18.0259,16.3549,20.5830,18.6079,50030,245942.9400,9282,42355.1400,18.5529,17.2215,16.3691,14.7868,0.9700,False
2022-11,11158,24,41769,8115,3,53811.3300,138.3100,225011.1800,42338.0500,19.2900,61069,321318.1600,61045,321179.8500,18.2783,16.7543,21.0819,19.2995,57592,286548.1600,10759,49821.3300,18.6814,17.3867,17.2581,15.7345,1.1368,False
2022-12,14182,40,54054,10989,15,68705.2900,235.4600,290302.2300,56821.3300,59.4900,79280,416123.8000,79240,415888.3400,17.8975,16.5201,20.7838,19.1376,74709,370413.8000,13592,62805.2900,18.1933,16.9554,18.0530,16.5492,1.4284,False
2023-01,14572,37,59539,10713,7,69924.4300,193.8200,319381.0500,56069.1900,39.4100,84868,445607.9000,84831,445414.0800,17.1777,15.6987,19.6624,17.9613,79960,396527.9000,13963,63834.4300,17.4625,16.0983,17.7295,16.2743,1.3159,False
2023-02,11801,34,48541,9142,11,57890.2200,176.3200,264569.5900,46572.6500,57.1800,69529,369265.9600,69495,369089.6400,16.9811,15.6846,19.5569,17.9527,65216,326135.9600,11249,52370.2200,17.2488,16.0578,17.3634,15.9721,0.9261,False
2023-03,10561,38,45617,8070,14,52147.5900,211.9200,251806.3000,41988.9300,76.0400,64300,346230.7800,64262,346018.8600,16.4343,15.0707,18.7992,17.1564,59927,302500.7800,10011,46647.5900,16.7053,15.4207,16.8966,15.5070,0.8254,False
2023-04,6695,47,28624,4926,13,33773.6700,271.4900,160574.4600,26499.8300,64.5000,40305,221183.9500,40258,220912.4600,16.6302,15.2883,18.9558,17.3779,37227,190403.9500,6323,30053.6700,16.9850,15.7842,16.6980,15.3641,0.5525,False
2023-05,6679,39,28343,5234,6,32456.3400,203.8200,158297.4400,27690.7700,36.2000,40301,218684.5700,40262,218480.7500,16.5888,14.8555,19.0709,17.0148,37303,188704.5700,6324,28906.3400,16.9531,15.3183,16.5318,15.0720,0.6941,False
2023-06,3956,26,20924,3532,5,19270.9700,136.2900,115282.8200,18710.1100,24.6000,28443,153424.7900,28417,153288.5000,13.9212,12.5717,15.9003,14.3221,26493,133924.7900,3770,17410.9700,14.2302,13.0006,15.9083,14.4261,0.5888,False
2023-07,4320,27,22094,3372,5,18536.8000,141.1800,116475.8400,17300.3500,24.3200,29818,152478.4900,29791,152337.3100,14.5010,12.1683,16.3550,13.7297,27989,134188.4900,4157,16906.8000,14.8523,12.5993,15.1874,13.4065,0.8204,False
2023-08,4656,34,23295,3525,1,21576.0700,182.3500,126443.6200,18348.7600,4.0000,31511,166554.8000,31477,166372.4500,14.7918,12.9685,16.6577,14.5765,29440,145844.8000,4457,19586.0700,15.1393,13.4294,14.4194,12.5814,0.9590,False
2023-09,4495,39,21872,3424,2,21537.0300,205.1800,122301.7800,18339.4700,10.2100,29832,162393.6700,29793,162188.4900,15.0874,13.2790,17.0478,14.9730,27765,141723.6700,4298,19567.0300,15.4799,13.8065,14.7934,12.8197,0.9966,False
2023-10,5617,34,27298,3778,2,26771.6200,193.6500,152670.6900,20058.9500,16.0000,36729,199710.9100,36695,199517.2600,15.3073,13.4182,17.0652,14.9193,34266,175080.9100,5374,24341.6200,15.6832,13.9031,15.0748,13.2338,1.2089,False
2023-11,6948,26,33457,4481,2,32583.7900,124.9800,186171.7900,23351.4900,6.6600,44914,242238.7100,44888,242113.7300,15.4785,13.4581,17.1959,14.8951,42084,213938.7100,6656,29663.7900,15.8160,13.8656,15.3175,13.3968,1.3746,False
2023-12,8047,25,38567,5532,10,38921.7800,137.2300,216087.4400,28317.0000,53.1700,52181,283516.6200,52156,283379.3900,15.4287,13.7349,17.2631,15.2629,48969,251396.6200,7721,35661.7800,15.7671,14.1855,15.4121,13.5553,1.4049,False
2024-01,9330,33,44507,6317,19,45714.9800,180.4100,250804.3100,32227.4300,106.4000,60206,329033.5300,60173,328853.1200,15.5053,13.9013,17.3301,15.4172,56579,292763.5300,8962,42034.9800,15.8398,14.3580,15.4722,13.7205,1.3498,False
2024-02,9342,37,45252,6026,3,45561.2600,201.4900,257218.1800,30573.2500,19.0000,60660,333573.1800,60623,333371.6900,15.4100,13.6668,17.1118,15.0477,56988,296853.1800,8939,41531.2600,15.6858,13.9905,15.4488,13.7688,1.1568,False
2024-03,9663,74,51774,4464,3,47599.5200,388.0400,293760.3100,23317.5700,15.0000,65978,365080.4400,65904,364692.4000,14.6622,13.0520,15.7283,13.9441,61911,324410.4400,9273,43699.5200,14.9780,13.4704,15.1768,13.5236,1.1432,False
2024-04,9986,69,54966,3889,3,49609.9700,377.7800,313919.9400,20339.1800,18.0000,68913,384264.8700,68844,383887.0900,14.5053,12.9231,15.3744,13.6467,64277,337904.8700,9520,44949.9700,14.8109,13.3026,14.8389,13.1957,1.1062,False
2024-05,9743,78,53047,3237,6,49922.6200,458.4600,305829.4400,16654.6300,42.6000,66111,372907.7500,66033,372449.2900,14.7547,13.4039,15.5168,14.0330,61241,324207.7500,9291,45402.6200,15.1712,14.0042,14.6388,13.1247,1.0140,False
2024-06,8813,79,49360,2854,3,45567.6800,480.6700,284344.9800,14566.1500,22.3700,61109,344981.8500,61030,344501.1800,14.4404,13.2271,15.1496,13.8120,56288,296771.8500,8406,41497.6800,14.9339,13.9830,14.5692,13.1809,0.9119,False
2024-07,9339,177,52565,2670,9,47902.6300,1045.1700,307658.1500,14384.4400,45.2800,64760,371035.6700,64583,369990.5000,14.4605,12.9470,15.0863,13.4724,59224,315675.6700,8928,43792.6300,15.0750,13.8727,14.5555,13.1923,0.9890,False
2024-08,8505,186,50495,2447,2,43160.0100,1156.1300,294960.3600,12858.1700,8.0000,61635,352142.6700,61449,350986.5400,13.8407,12.2968,14.4153,12.7647,56149,297282.6700,8194,40050.0100,14.5933,13.4720,14.2504,12.8234,0.9619,False
2024-09,7607,128,45854,2350,7,39079.8200,782.4200,266048.4100,12289.8500,43.7500,55946,318244.2500,55818,317461.8300,13.6282,12.3101,14.2291,12.8077,51163,270414.2500,7362,36629.8200,14.3893,13.5458,13.9956,12.5325,0.8952,False
2024-10,8766,121,51478,2562,5,45439.9200,699.3700,300401.4700,13529.2200,29.9000,62932,360099.8800,62811,359400.5100,13.9562,12.6433,14.5508,13.1389,57440,305179.8800,8497,42749.9200,14.7928,14.0081,13.8151,12.4220,1.0362,False
2024-11,8383,133,53395,3058,8,42954.1900,715.7900,304977.1800,16037.2900,39.0300,64977,364723.4800,64844,364007.6900,12.9280,11.8004,13.5696,12.3456,59991,314863.4800,8171,40834.1900,13.6204,12.9689,13.4930,12.2469,1.0803,False
2024-12,9574,156,58230,7235,1189,48300.6500,906.7600,335392.3500,38980.9000,6433.1600,76384,430013.8200,76228,429107.0600,12.5597,11.2561,14.1201,12.5884,70563,371803.8200,9357,46130.6500,13.2605,12.4073,13.1070,11.8606,1.2464,False
2025-01,9160,205,58152,6221,1454,46276.4500,1216.2800,329921.7000,33369.5000,7895.9600,75192,418679.8900,74987,417463.6100,12.2155,11.0851,13.6083,12.3011,69744,364199.8900,8905,43726.4500,12.7681,12.0062,12.5507,11.3608,1.1034,False
2025-02,9376,182,60347,3421,10,47873.6600,1106.4600,341479.4100,18260.7500,54.4000,73336,408774.6800,73154,407668.2200,12.8168,11.7433,13.4475,12.2957,68044,355854.6800,9144,45553.6600,13.4384,12.8012,12.5285,11.3575,1.0158,False
2025-03,9584,221,58051,5485,14,48619.7400,1305.6100,326416.4600,30212.8700,78.7600,73355,406633.4400,73134,405327.8300,13.1047,11.9952,14.1702,12.9640,68295,356033.4400,9366,46439.7400,13.7140,13.0436,12.7082,11.6030,0.9779,False
2025-04,8816,226,53586,5956,17,45411.5600,1349.0500,300702.2000,32843.3000,69.1900,68601,380375.3000,68375,379026.2500,12.8936,11.9811,14.1278,13.1204,64002,334385.3000,8618,43431.5600,13.4652,12.9885,12.9394,11.9046,0.9270,False
2025-05,8920,195,53392,6430,18,45349.3200,1192.9600,303318.3500,34853.5800,82.4400,68955,384796.6500,68760,383603.6900,12.9727,11.8219,14.3151,13.0065,64275,337996.6500,8737,43519.3200,13.5932,12.8757,12.9929,11.9337,0.9609,False
2025-06,7391,179,45189,4939,13,37472.3400,1056.3700,262979.9100,27518.5700,63.1900,57711,329090.3800,57532,328034.0100,12.8468,11.4233,14.0567,12.4720,53433,286310.3800,7224,35802.3400,13.5197,12.5047,12.9077,11.7574,0.8208,False
2025-07,8516,212,50218,3964,4,43451.3200,1240.2500,295259.6600,22456.5600,22.4400,62914,362430.2300,62702,361189.9800,13.5817,12.0300,14.4993,12.8284,58047,313760.2300,8311,41401.3200,14.3177,13.1952,13.1364,11.7701,0.9663,False
2025-08,8005,195,43841,3327,8,40403.0500,1161.0600,257539.2800,18689.1400,35.4700,55376,317828.0000,55181,316666.9400,14.5068,12.7588,15.4400,13.5607,51059,274658.0000,7811,38463.0500,15.2980,14.0040,13.6317,12.0616,0.8759,False
2025-09,8574,160,45227,2526,0,44066.7400,941.2100,263118.7400,13797.1700,0.0000,56487,321923.8600,56327,320982.6500,15.2218,13.7287,15.9365,14.3453,52227,279323.8600,8364,41966.7400,16.0147,15.0244,14.4050,12.8070,0.9633,False
2025-10,9471,120,46617,2073,4,48489.6100,734.2400,271074.0500,11826.8000,29.2500,58285,332153.9500,58165,331419.7100,16.2830,14.6309,16.8860,15.1737,53826,287563.9500,9238,46159.6100,17.1627,16.0519,15.3531,13.7203,1.0016,False
2025-11,9731,253,48401,2414,2,50126.0000,1532.9600,280956.4300,13153.5100,8.0000,60801,345776.9000,60548,344243.9400,16.0715,14.5612,16.7395,15.1400,56193,299696.9000,9517,47986.0000,16.9363,16.0115,15.8684,14.3162,1.0706,False
2025-12,10530,224,54869,2738,4,53483.5900,1379.5700,317782.8800,15468.3900,20.0000,68365,388134.4300,68141,386754.8600,15.4533,13.8288,16.1012,14.4057,63701,341494.4300,10325,51433.5900,16.2085,15.0613,15.9119,14.3163,1.1679,False
2026-01,9896,182,52072,3144,36,50413.8100,1117.4700,299288.7800,17701.7600,169.2600,65330,368691.0800,65148,367573.6100,15.1900,13.7153,15.9695,14.4162,61055,325941.0800,9699,48443.8100,15.8857,14.8628,15.5579,14.0203,1.0460,False
2026-02,11003,276,53840,2812,24,55922.4400,1741.1700,305651.7100,15745.5200,132.2600,67955,379193.1000,67679,377451.9300,16.2576,14.8158,16.9687,15.4664,64000,339643.1000,10839,54282.4400,16.9359,15.9822,15.6388,14.1211,1.0475,False
2026-03,12894,346,61711,3842,2,66032.0100,2119.0100,349097.8300,21910.2700,11.7200,78795,439170.8400,78449,437051.8300,16.4362,15.1085,17.2830,15.9064,74253,393750.8400,12648,63572.0100,17.0337,16.1452,15.9947,14.5818,1.1711,False
2026-04,12489,327,57613,7735,5,63914.4100,2034.4300,327997.9200,43050.6000,22.6000,78169,437019.9600,77842,434985.5300,16.0440,14.6935,17.8155,16.3083,73356,388889.9600,12247,61494.4100,16.6953,15.8128,16.2459,14.8756,1.1053,False
2026-05,9442,294,40273,3295,2,47746.2200,1858.9700,231254.0600,18548.1900,11.5000,53306,299418.9400,53012,297559.9700,17.8111,16.0459,18.9923,17.1133,50061,266968.9400,9282,46146.2200,18.5414,17.2852,16.6386,15.1926,0.7101,True
2026-06,8405,329,33662,2057,1,43118.3600,2099.5200,191047.3300,11612.9400,3.0000,44454,247881.1500,44125,245781.6300,19.0482,17.5434,19.9800,18.4136,42120,224541.1500,8297,42038.3600,19.6985,18.7219,17.3369,15.8208,0.6325,True
2026-07,5668,213,18579,1200,0,28978.3400,1382.5900,106766.3200,6780.1400,0.0000,25660,143907.3900,25447,142524.8000,22.2737,20.3321,23.3761,21.3477,24514,132447.3900,5597,28268.3400,22.8319,21.3431,19.1828,17.4732,0.4363,True
2026-08,319,13,2102,133,0,1777.9900,78.8800,12790.6600,881.7400,0.0000,2567,15529.2700,2554,15450.3900,12.4902,11.5077,13.1764,12.2042,2354,13399.2700,318,1767.9900,13.5089,13.1947,19.9540,18.2968,0.0625,True
